{
  "project_info": {
    "project_number": "154160247582",
    "firebase_url": "https://rotana1-3a87c.firebaseio.com",
    "project_id": "rotana1-3a87c",
    "storage_bucket": "rotana1-3a87c.appspot.com"
  },
  "client": [
    {
      "client_info": {
        "mobilesdk_app_id": "1:154160247582:android:78682029413b6a6fc4cf0f",
        "android_client_info": {
          "package_name": "com.example.rotana"
        }
      },
      "oauth_client": [
        {
          "client_id": "154160247582-s7pu850lk3hnos5rhb8a4vr6b65suijr.apps.googleusercontent.com",
          "client_type": 3
        }
      ],
      "api_key": [
        {
          "current_key": "AIzaSyAJNv_RXEhqtpstFY32QIY2b8pyPQiNv-U"
        }
      ],
      "services": {
        "appinvite_service": {
          "other_platform_oauth_client": [
            {
              "client_id": "154160247582-s7pu850lk3hnos5rhb8a4vr6b65suijr.apps.googleusercontent.com",
              "client_type": 3
            }
          ]
        }
      }
    }
  ],
  "configuration_version": "1"
}